
{
    "data": {
        "components": [
           
            {
                "uid": "time.schedule",
                "isDisplayed": true,
                "apiID": "schedule",
                "category": "time",
                "info": {
                    "displayName": "Schedule",
                    "icon": "clock"
                },
                "options": {},
                "attributes": {
                    "id": {
                        "type": "integer"
                    },
                    "Day": {
                        "type": "enumeration",
                        "enum": [
                            "Monday",
                            "Tuesday",
                            "Wednesday",
                            "Thursday",
                            "Friday",
                            "Saturday",
                            "Sunday"
                        ],
                        "required": true
                    },
                    "StartTime": {
                        "type": "time",
                        "required": true,
                        "default": "undefined"
                    },
                    "EndTime": {
                        "type": "time",
                        "required": true
                    }
                }
            }
        ],
        "contentTypes": [
            
            {
                "uid": "api::esd-need.esd-need",
                "isDisplayed": true,
                "apiID": "esd-need",
                "kind": "collectionType",
                "info": {
                    "singularName": "esd-need",
                    "pluralName": "esd-needs",
                    "displayName": "esdNeed"
                },
                "options": {
                    "draftAndPublish": true
                },
                "pluginOptions": {},
                "attributes": {
                    "id": {
                        "type": "integer"
                    },
                    "label": {
                        "type": "string"
                    },
                    "lavel1": {
                        "type": "string"
                    },
                    "lavel2": {
                        "type": "string"
                    },
                   
                    "json_schemas": {
                        "type": "relation",
                        "relation": "manyToMany",
                        "target": "api::json-schema.json-schema",
                        "mappedBy": "esd_needs",
                        "targetModel": "api::json-schema.json-schema",
                        "relationType": "manyToMany"
                    },
                    "createdAt": {
                        "type": "datetime"
                    },
                    "updatedAt": {
                        "type": "datetime"
                    }
                }
            },
          
            {
                "uid": "api::json-schema.json-schema",
                "isDisplayed": true,
                "apiID": "json-schema",
                "kind": "collectionType",
                "info": {
                    "singularName": "json-schema",
                    "pluralName": "json-schemas",
                    "displayName": "JsonSchema"
                },
                "options": {
                    "draftAndPublish": true
                },
                "pluginOptions": {},
                "attributes": {
                    "id": {
                        "type": "integer"
                    },
                    "uniqueName": {
                        "type": "string",
                        "required": true,
                        "maxLength": 100,
                        "minLength": 10,
                        "unique": true,
                        "regex": "^[A-Za-z0-9]+$"
                    },
                    "JsonSchemaSchedule": {
                        "type": "component",
                        "repeatable": true,
                        "component": "time.schedule",
                        "required": true
                    },
                    "esd_needs": {
                        "type": "relation",
                        "relation": "manyToMany",
                        "target": "api::esd-need.esd-need",
                        "inversedBy": "json_schemas",
                        "targetModel": "api::esd-need.esd-need",
                        "relationType": "manyToMany"
                    },
                    "createdAt": {
                        "type": "datetime"
                    },
                    "updatedAt": {
                        "type": "datetime"
                    }
                }
            }
           
        ]
    }
}
